iteration,elapsed_ms
0,2.089459
1,1.999625
2,2.082000
